{
  "reward_history": [
    2,
    2,
    2,
    2,
    2,
    2,
    2,
    2,
    0,
    0,
    2,
    2,
    2,
    2,
    2,
    2,
    2,
    2,
    0,
    0,
    2,
    2,
    2,
    2,
    2,
    2,
    2,
    2,
    0,
    0,
    2,
    2,
    2,
    2,
    2,
    2,
    2,
    2,
    0,
    0,
    2,
    2,
    2,
    2,
    2,
    2,
    2,
    2,
    0,
    0
  ],
  "loss_history": [
    8.045477867126465,
    7.487455368041992,
    5.013401985168457,
    3.1991591453552246,
    2.8074493408203125,
    2.7896103858947754,
    2.8043529987335205,
    2.7832653522491455,
    0.0011410713195800781,
    0.00035762786865234375,
    2.814931869506836,
    2.80615234375,
    2.778085470199585,
    2.8038668632507324,
    2.8292689323425293,
    2.7751424312591553,
    2.813279628753662,
    2.8362271785736084,
    -0.0017524957656860352,
    0.0018608570098876953,
    2.8465969562530518,
    2.7968969345092773,
    2.7881662845611572,
    2.847085952758789,
    2.785655975341797,
    2.7853493690490723,
    2.810565710067749,
    2.782003402709961,
    -0.0064661502838134766,
    -0.00045108795166015625,
    2.9679653644561768,
    2.8385062217712402,
    2.8284401893615723,
    2.928828239440918,
    2.875347137451172,
    2.7779622077941895,
    2.8902313709259033,
    2.8832812309265137,
    -0.007337689399719238,
    0.007727384567260742,
    2.880328416824341,
    2.854677200317383,
    2.777704954147339,
    2.87519907951355,
    2.8446598052978516,
    2.7754311561584473,
    2.814993143081665,
    2.8437259197235107,
    0.004033565521240234,
    -0.001955270767211914
  ],
  "total_reward_history": [
    16,
    16,
    16,
    16,
    16
  ],
  "total_loss_history": [
    34.931671142578125,
    22.45706307888031,
    22.43540334701538,
    22.990951657295227,
    22.668797969818115
  ]
}