{
  "reward_history": [],
  "loss_history": [],
  "total_reward_history": [
    18,
    18,
    18,
    18,
    18,
    18,
    18,
    18,
    18,
    18,
    18,
    18,
    18,
    18,
    18,
    18,
    18,
    18,
    18,
    18
  ],
  "total_loss_history": [
    720.76953125,
    581.5541381835938,
    580.4132690429688,
    573.4373168945312,
    436.2589416503906,
    315.1041259765625,
    156.864501953125,
    101.72335815429688,
    34.99365234375,
    35.590606689453125,
    1.0583564043045044,
    0.22254133224487305,
    0.056697458028793335,
    0.017338724806904793,
    0.006194505840539932,
    0.002511674538254738,
    0.0011247650254517794,
    0.0005554655217565596,
    0.00029047176940366626,
    0.00016111823788378388
  ]
}