{
  "reward_history": [],
  "loss_history": [],
  "total_reward_history": [
    70,
    72,
    74,
    74,
    72,
    72,
    72,
    74,
    78,
    70
  ],
  "total_loss_history": [
    1313.544677734375,
    979.8416137695312,
    1244.763916015625,
    1252.765869140625,
    1109.619384765625,
    1172.8408203125,
    1340.145263671875,
    1398.2310791015625,
    1374.6759033203125,
    1271.0797119140625
  ]
}