{
  "reward_history": [
    2,
    2,
    0,
    2,
    2,
    2,
    2,
    2,
    2,
    2,
    2,
    2,
    0,
    2,
    2,
    2,
    2,
    2,
    2,
    2,
    2,
    2,
    0,
    2,
    0,
    2,
    2,
    2,
    2,
    2,
    2,
    2,
    0,
    2,
    0,
    2,
    0,
    2,
    2,
    2,
    2,
    2,
    0,
    2,
    2,
    2,
    2,
    2,
    2,
    2
  ],
  "loss_history": [
    8.947587013244629,
    9.423742294311523,
    0.3280153274536133,
    5.158012390136719,
    5.307226657867432,
    8.363557815551758,
    4.695781707763672,
    8.692566871643066,
    6.959627628326416,
    5.482273101806641,
    5.395046234130859,
    7.443558216094971,
    0.07500696182250977,
    5.912899017333984,
    7.064268112182617,
    4.958044052124023,
    6.591277122497559,
    8.862829208374023,
    11.536165237426758,
    7.385256767272949,
    6.304512023925781,
    6.731156349182129,
    -1.0012507438659668,
    6.566812038421631,
    -0.5223042964935303,
    7.301843643188477,
    9.992430686950684,
    5.524733066558838,
    6.082598686218262,
    5.9770307540893555,
    6.0140485763549805,
    6.269319534301758,
    0.39428138732910156,
    4.65657901763916,
    -0.23816394805908203,
    7.290103912353516,
    0.6066696643829346,
    5.202693939208984,
    6.3772873878479,
    6.284813404083252,
    6.2963056564331055,
    6.111028671264648,
    2.179771661758423,
    4.1198344230651855,
    5.383079528808594,
    5.665980339050293,
    3.8070170879364014,
    3.335282564163208,
    4.090400218963623,
    3.5414376258850098
  ],
  "total_reward_history": [
    18,
    18,
    16,
    14,
    18
  ],
  "total_loss_history": [
    63.35839080810547,
    65.22435092926025,
    52.95756220817566,
    42.857632875442505,
    44.53013777732849
  ]
}