{
  "reward_history": [
    2,
    2,
    0,
    2,
    2,
    2,
    2,
    2,
    2,
    2,
    2,
    2,
    0,
    2,
    2,
    2,
    2,
    2,
    2,
    2,
    2,
    2,
    0,
    2,
    2,
    2,
    2,
    2,
    2,
    2,
    2,
    2,
    0,
    2,
    2,
    2,
    2,
    2,
    2,
    2,
    2,
    2,
    0,
    2,
    2,
    2,
    2,
    2,
    2,
    2,
    2,
    2,
    0,
    2,
    2,
    2,
    2,
    2,
    2,
    2,
    2,
    2,
    0,
    2,
    2,
    2,
    2,
    2,
    2,
    2,
    2,
    2,
    0,
    2,
    2,
    2,
    2,
    2,
    2,
    2,
    2,
    2,
    0,
    2,
    2,
    2,
    2,
    2,
    2,
    2,
    2,
    2,
    0,
    2,
    2,
    2,
    2,
    2,
    2,
    2,
    2,
    2,
    0,
    2,
    2,
    2,
    2,
    2,
    2,
    2,
    2,
    2,
    0,
    2,
    2,
    2,
    2,
    2,
    2,
    2,
    2,
    2,
    0,
    2,
    2,
    2,
    2,
    2,
    2,
    2,
    2,
    2,
    0,
    2,
    2,
    2,
    2,
    2,
    2,
    2,
    2,
    2,
    0,
    2,
    2,
    2,
    2,
    2,
    2,
    2,
    2,
    2,
    0,
    2,
    2,
    2,
    2,
    2,
    2,
    2,
    2,
    2,
    0,
    2,
    2,
    2,
    2,
    2,
    2,
    2,
    2,
    2,
    0,
    2,
    2,
    2,
    2,
    2,
    2,
    2,
    2,
    2,
    0,
    2,
    2,
    2,
    2,
    2,
    2,
    2,
    2,
    2,
    0,
    2,
    2,
    2,
    2,
    2,
    2,
    2
  ],
  "loss_history": [
    13.260701179504395,
    13.207218170166016,
    0.8399438858032227,
    15.457663536071777,
    12.448017120361328,
    11.252010345458984,
    13.305694580078125,
    15.206300735473633,
    10.524145126342773,
    12.385551452636719,
    12.577831268310547,
    11.775395393371582,
    2.923708915710449,
    13.521808624267578,
    18.03580665588379,
    10.454427719116211,
    13.072526931762695,
    11.950510025024414,
    12.669057846069336,
    12.476621627807617,
    13.521005630493164,
    14.057619094848633,
    1.4411377906799316,
    13.955364227294922,
    12.158226013183594,
    12.17689323425293,
    10.805000305175781,
    13.726417541503906,
    14.308101654052734,
    12.847803115844727,
    10.221650123596191,
    11.886820793151855,
    -0.5318832397460938,
    12.441553115844727,
    12.404272079467773,
    10.86142349243164,
    8.58713150024414,
    13.97966194152832,
    12.077702522277832,
    16.522768020629883,
    14.180838584899902,
    9.305793762207031,
    3.2693028450012207,
    10.77987289428711,
    13.052952766418457,
    16.10434913635254,
    11.14346694946289,
    12.16248893737793,
    17.198562622070312,
    13.79816722869873,
    11.381426811218262,
    11.798903465270996,
    -3.17758846282959,
    13.715371131896973,
    11.475358963012695,
    13.242939949035645,
    14.765467643737793,
    12.820262908935547,
    11.073057174682617,
    13.16207218170166,
    15.072610855102539,
    19.589557647705078,
    0.31173229217529297,
    10.51264762878418,
    10.6774320602417,
    14.712217330932617,
    13.224227905273438,
    18.56318473815918,
    5.356966495513916,
    13.316484451293945,
    11.28852367401123,
    14.185687065124512,
    -1.003988265991211,
    9.574186325073242,
    14.856618881225586,
    14.796598434448242,
    12.896888732910156,
    13.572704315185547,
    13.137216567993164,
    9.909581184387207,
    11.254631996154785,
    11.432929992675781,
    -0.22975969314575195,
    9.998296737670898,
    17.092453002929688,
    14.417717933654785,
    26.111507415771484,
    11.398741722106934,
    16.098447799682617,
    10.761126518249512,
    13.436568260192871,
    13.984600067138672,
    -0.28040218353271484,
    10.535327911376953,
    15.219346046447754,
    14.393566131591797,
    19.213668823242188,
    8.975698471069336,
    10.572698593139648,
    13.730051040649414,
    13.423423767089844,
    14.799139022827148,
    3.693425178527832,
    13.140487670898438,
    13.029372215270996,
    12.867770195007324,
    10.704429626464844,
    11.140180587768555,
    13.173149108886719,
    10.578944206237793,
    13.410554885864258,
    14.705642700195312,
    -1.4723801612854004,
    12.69836711883545,
    13.766242980957031,
    12.385807037353516,
    12.291241645812988,
    13.13770866394043,
    10.65266227722168,
    12.31889820098877,
    11.680309295654297,
    12.01010513305664,
    -0.16421794891357422,
    14.576635360717773,
    12.89858341217041,
    12.400581359863281,
    11.802412033081055,
    13.859600067138672,
    11.393616676330566,
    16.142337799072266,
    11.816534996032715,
    10.423627853393555,
    -1.5062971115112305,
    11.86673641204834,
    13.045156478881836,
    11.488227844238281,
    13.280133247375488,
    13.075798034667969,
    11.4180908203125,
    10.806262016296387,
    12.861412048339844,
    12.467615127563477,
    0.5227885246276855,
    12.742834091186523,
    11.22146224975586,
    10.51821517944336,
    12.148904800415039,
    14.885811805725098,
    13.018163681030273,
    13.6673583984375,
    12.439909934997559,
    18.948251724243164,
    -3.4203596115112305,
    15.44814682006836,
    13.46573257446289,
    13.03625202178955,
    12.86422061920166,
    10.901298522949219,
    11.528947830200195,
    14.111120223999023,
    15.26260757446289,
    14.093908309936523,
    -0.1170964241027832,
    12.827479362487793,
    11.079007148742676,
    13.616012573242188,
    10.715911865234375,
    13.957854270935059,
    13.180295944213867,
    17.006040573120117,
    13.036598205566406,
    12.292972564697266,
    -0.7228708267211914,
    11.780294418334961,
    11.081377983093262,
    12.09090805053711,
    12.613120079040527,
    11.957683563232422,
    12.11972427368164,
    13.979133605957031,
    12.978744506835938,
    12.723584175109863,
    -1.1212105751037598,
    11.004192352294922,
    11.388486862182617,
    14.723064422607422,
    13.587929725646973,
    14.463875770568848,
    12.389945983886719,
    13.447227478027344,
    10.59307861328125,
    14.77705192565918,
    -2.7190604209899902,
    12.06521987915039,
    18.153635025024414,
    16.605960845947266,
    12.533337593078613,
    14.688213348388672,
    16.9454402923584,
    11.360639572143555
  ],
  "total_reward_history": [
    18,
    18,
    18,
    18,
    18,
    18,
    18,
    18,
    18,
    18,
    18,
    18,
    18,
    18,
    18,
    18,
    18,
    18,
    18,
    18
  ],
  "total_loss_history": [
    117.88724613189697,
    119.45769500732422,
    118.99756860733032,
    108.45110034942627,
    120.99579572677612,
    110.2572717666626,
    121.33706140518188,
    113.21401691436768,
    128.33609342575073,
    119.78112316131592,
    116.55032157897949,
    113.89474534988403,
    116.59996318817139,
    105.71427059173584,
    114.05456590652466,
    119.32352066040039,
    121.6220211982727,
    110.22894191741943,
    115.58584070205688,
    125.00351667404175
  ]
}