{
  "reward_history": [
    2,
    2,
    2,
    2,
    2,
    2,
    2,
    2,
    0,
    0,
    2,
    2,
    2,
    2,
    2,
    2,
    2,
    2,
    0,
    2,
    2,
    2,
    2,
    2,
    2,
    2,
    2,
    2,
    0,
    0,
    2,
    2,
    2,
    2,
    2,
    2,
    2,
    2,
    0,
    0,
    2,
    2,
    2,
    2,
    2,
    2,
    2,
    2,
    0,
    2
  ],
  "loss_history": [
    8.045477867126465,
    7.487455368041992,
    5.013401985168457,
    3.1991591453552246,
    2.8074493408203125,
    2.7896103858947754,
    2.8043529987335205,
    2.7832653522491455,
    0.0011410713195800781,
    0.00035762786865234375,
    2.814931869506836,
    2.80615234375,
    2.778085470199585,
    2.8038668632507324,
    2.8292689323425293,
    2.7751424312591553,
    2.813279628753662,
    2.8362271785736084,
    -0.0017524957656860352,
    2.777601957321167,
    2.8231360912323,
    2.7822461128234863,
    2.789127826690674,
    2.825042486190796,
    2.775373697280884,
    2.790099620819092,
    2.794806480407715,
    2.773315668106079,
    -0.008252143859863281,
    -0.0025911331176757812,
    2.935852527618408,
    2.8094184398651123,
    2.8377912044525146,
    2.8942346572875977,
    2.828751564025879,
    2.7934377193450928,
    2.87870454788208,
    2.826673984527588,
    -7.915496826171875e-05,
    0.01857912540435791,
    2.983466148376465,
    2.8707568645477295,
    2.8081605434417725,
    2.9854230880737305,
    2.875793933868408,
    2.773043155670166,
    2.879762649536133,
    2.8960392475128174,
    0.0032074451446533203,
    2.790919780731201
  ],
  "total_reward_history": [
    16,
    18,
    16,
    16,
    18
  ],
  "total_loss_history": [
    34.931671142578125,
    25.23280417919159,
    22.342304706573486,
    22.82336461544037,
    25.866572856903076
  ]
}