{
  "reward_history": [
    0,
    0,
    2,
    2,
    0,
    0,
    -2,
    2,
    0,
    0,
    0,
    0,
    2,
    2,
    0,
    0,
    2,
    0,
    0,
    2,
    0,
    0,
    2,
    2,
    0,
    0,
    2,
    2,
    0,
    2,
    0,
    0,
    2,
    2,
    -2,
    0,
    2,
    -2,
    0,
    2,
    2,
    0,
    2,
    2,
    2,
    0,
    0,
    2,
    0,
    2,
    2,
    2,
    2,
    2,
    2,
    0,
    2,
    2,
    0,
    0,
    0,
    0,
    0,
    2,
    0,
    -2,
    2,
    0,
    0,
    0,
    0,
    0,
    2,
    2,
    -2,
    -2,
    2,
    2,
    0,
    0,
    2,
    0,
    2,
    2,
    -2,
    0,
    2,
    2,
    0,
    2,
    2,
    0,
    2,
    2,
    2,
    -2,
    2,
    2,
    0,
    2,
    2,
    0,
    2,
    2,
    0,
    0,
    2,
    0,
    0,
    2,
    2,
    0,
    2,
    2,
    0,
    0,
    2,
    2,
    0,
    2,
    0,
    0,
    2,
    2,
    0,
    0,
    2,
    2,
    0,
    2,
    0,
    0,
    2,
    2,
    0,
    0,
    2,
    0,
    0,
    2,
    2,
    0,
    2,
    2,
    0,
    0,
    2,
    -2,
    0,
    2,
    0,
    0,
    2,
    2,
    0,
    0,
    2,
    0,
    0,
    2,
    2,
    0,
    2,
    2,
    0,
    0,
    2,
    -2,
    0,
    2,
    2,
    0,
    2,
    2,
    0,
    0,
    0,
    0,
    0,
    2,
    2,
    0,
    2,
    2,
    0,
    0,
    0,
    2,
    0,
    0,
    2,
    0,
    2,
    2,
    0,
    0,
    2,
    2,
    0,
    2,
    0,
    0,
    2,
    2,
    0,
    0,
    2,
    2,
    0,
    2,
    0,
    0,
    2,
    2,
    0,
    0,
    2,
    0,
    0,
    2,
    2,
    0,
    2,
    2,
    0,
    0,
    2,
    2,
    0,
    2,
    0,
    0,
    2,
    2,
    -2,
    0,
    2,
    0,
    0,
    0
  ],
  "loss_history": [
    -0.5447907447814941,
    0.06525278091430664,
    7.579526424407959,
    6.867353439331055,
    0.28391504287719727,
    -2.1222407817840576,
    -5.174156188964844,
    11.399323463439941,
    0.1636943817138672,
    1.9357361793518066,
    -1.2335638999938965,
    0.1351790428161621,
    4.727839469909668,
    2.9197089672088623,
    -5.014767646789551,
    1.4596657752990723,
    11.004969596862793,
    -0.20828914642333984,
    0.693730354309082,
    6.732924461364746,
    0.7157958745956421,
    -0.6809453964233398,
    8.366205215454102,
    11.888020515441895,
    1.7027835845947266,
    -0.5525050163269043,
    6.003499984741211,
    3.1016130447387695,
    0.22639799118041992,
    6.628941059112549,
    0.88493812084198,
    -0.20618200302124023,
    7.363847732543945,
    5.082855701446533,
    -5.0712480545043945,
    0.06860089302062988,
    2.951171636581421,
    -8.49569034576416,
    1.7051527500152588,
    6.627631187438965,
    6.513623237609863,
    -1.369131088256836,
    9.479618072509766,
    6.783742904663086,
    4.131875991821289,
    -2.1374058723449707,
    -0.37189245223999023,
    6.423783779144287,
    0.8259466886520386,
    6.296960830688477,
    6.163485527038574,
    10.196771621704102,
    5.748415946960449,
    3.8008062839508057,
    3.7351410388946533,
    2.4589486122131348,
    5.105730056762695,
    9.352978706359863,
    2.1151175498962402,
    -1.5659704208374023,
    0.38614773750305176,
    -0.8642265796661377,
    2.3085527420043945,
    6.252817153930664,
    -0.7011990547180176,
    -5.128434658050537,
    3.6265649795532227,
    0.9362350702285767,
    -1.261090874671936,
    -3.001850128173828,
    -0.20479679107666016,
    5.997371673583984,
    11.547229766845703,
    22.358169555664062,
    -8.865806579589844,
    -5.6705145835876465,
    13.372091293334961,
    15.002374649047852,
    -0.5812311172485352,
    -6.272218704223633,
    5.700453758239746,
    0.9871540069580078,
    4.2140889167785645,
    4.120744228363037,
    -8.172196388244629,
    0.5255837440490723,
    5.479303359985352,
    7.957343578338623,
    -0.8089509010314941,
    4.994889259338379,
    8.240514755249023,
    -5.4150238037109375,
    4.854779243469238,
    3.657550096511841,
    3.370931386947632,
    -11.920906066894531,
    16.04291343688965,
    5.105170726776123,
    1.197324275970459,
    4.786511421203613,
    6.82700252532959,
    -4.3449554443359375,
    5.812783718109131,
    9.198653221130371,
    -0.052869319915771484,
    -3.5684709548950195,
    7.176948547363281,
    1.8690276145935059,
    0.6331679821014404,
    5.584462642669678,
    7.563695430755615,
    -7.1696457862854,
    9.167877197265625,
    6.991796493530273,
    -2.7251298427581787,
    -0.4120454788208008,
    7.736577987670898,
    10.296996116638184,
    0.10667252540588379,
    4.752042770385742,
    1.3541057109832764,
    -3.7801406383514404,
    10.167993545532227,
    10.952773094177246,
    -3.4124555587768555,
    -1.616567611694336,
    12.00277042388916,
    3.642943859100342,
    0.026734352111816406,
    4.849416732788086,
    2.8086044788360596,
    2.6394805908203125,
    11.509832382202148,
    7.178009033203125,
    -0.5895073413848877,
    -1.6633548736572266,
    15.20690631866455,
    -2.3645830154418945,
    -2.0017776489257812,
    15.721510887145996,
    15.459132194519043,
    -3.257441520690918,
    10.995309829711914,
    4.975106239318848,
    -0.3544734716415405,
    0.007235288619995117,
    5.9618988037109375,
    -5.250029563903809,
    -1.772249698638916,
    6.835907936096191,
    -2.150908946990967,
    -1.235058307647705,
    5.738117694854736,
    4.807136058807373,
    -0.5952200889587402,
    -1.043771743774414,
    2.9136242866516113,
    2.048065662384033,
    0.028184175491333008,
    4.892296314239502,
    5.720646858215332,
    1.7856903076171875,
    4.321372032165527,
    4.197998046875,
    -0.8608821630477905,
    -2.728374481201172,
    8.75927448272705,
    -6.804446697235107,
    -1.7534751892089844,
    6.666935920715332,
    9.085288047790527,
    -5.229408264160156,
    8.964420318603516,
    4.193946838378906,
    -0.8502678871154785,
    -4.1869001388549805,
    -3.429307460784912,
    -0.9400122165679932,
    -2.548896312713623,
    4.05577278137207,
    5.154393196105957,
    -5.508476257324219,
    4.068531036376953,
    6.682833671569824,
    -3.256885528564453,
    -7.129992485046387,
    -5.115519046783447,
    7.019944667816162,
    -5.477705001831055,
    -0.08994197845458984,
    10.429231643676758,
    -10.157398223876953,
    8.459002494812012,
    5.824076175689697,
    -4.220702171325684,
    -6.23001766204834,
    6.188124656677246,
    6.710165977478027,
    -11.613183975219727,
    5.927511692047119,
    -2.5388498306274414,
    -13.293169975280762,
    6.290167808532715,
    6.535428047180176,
    -6.442071914672852,
    -10.796154022216797,
    6.559455394744873,
    4.41825532913208,
    -13.181093215942383,
    5.184168815612793,
    -4.477231025695801,
    -19.902088165283203,
    12.508517265319824,
    9.569099426269531,
    -14.253815650939941,
    -15.704257011413574,
    5.915439128875732,
    1.5555801391601562,
    -15.803229331970215,
    5.186580657958984,
    25.870468139648438,
    -31.661821365356445,
    23.835420608520508,
    17.722888946533203,
    -15.824167251586914,
    -15.758319854736328,
    10.414758682250977,
    2.803138256072998,
    -7.69608211517334,
    20.80830192565918,
    6.781754016876221,
    -1.0420112609863281,
    7.032612323760986,
    17.435182571411133,
    -11.295032501220703,
    10.216205596923828,
    15.95018196105957,
    -3.800239086151123,
    -1.2607169151306152,
    -8.514521598815918
  ],
  "total_reward_history": [
    4,
    8,
    10,
    4,
    12,
    14,
    2,
    4,
    10,
    12,
    10,
    12,
    10,
    8,
    8,
    8,
    8,
    8,
    8,
    12,
    10,
    8,
    12,
    4
  ],