{
  "reward_history": [],
  "loss_history": [],
  "total_reward_history": [
    74,
    74,
    74,
    74,
    74,
    74,
    74,
    74,
    74,
    74
  ],
  "total_loss_history": [
    1383.7384033203125,
    340.63543701171875,
    167.78433227539062,
    4.145233154296875,
    2.515209197998047,
    1.5583412647247314,
    0.9649151563644409,
    0.6039659380912781,
    0.3888361155986786,
    0.26062214374542236
  ]
}