{
  "reward_history": [
    2,
    2,
    0,
    2,
    2,
    2,
    2,
    2,
    2,
    2,
    2,
    2,
    0,
    2,
    2,
    2,
    2,
    2,
    2,
    2,
    2,
    2,
    0,
    2,
    2,
    2,
    2,
    2,
    2,
    2,
    2,
    2,
    0,
    2,
    2,
    2,
    2,
    2,
    2,
    2,
    2,
    2,
    0,
    2,
    2,
    2,
    2,
    2,
    2,
    2,
    2,
    2,
    0,
    2,
    2,
    2,
    2,
    2,
    2,
    2,
    2,
    2,
    0,
    2,
    0,
    2,
    2,
    2,
    2,
    2,
    2,
    2,
    0,
    2,
    2,
    2,
    2,
    2,
    2,
    2,
    2,
    2,
    0,
    2,
    2,
    2,
    2,
    2,
    2,
    2,
    2,
    2,
    0,
    2,
    2,
    2,
    2,
    2,
    2,
    2,
    2,
    2,
    0,
    2,
    2,
    2,
    2,
    2,
    2,
    2,
    2,
    2,
    0,
    2,
    2,
    2,
    2,
    2,
    2,
    2,
    2,
    2,
    0,
    2,
    2,
    2,
    2,
    2,
    2,
    2,
    0,
    2,
    0,
    2,
    2,
    2,
    2,
    2,
    2,
    2,
    2,
    2,
    0,
    2,
    2,
    2,
    2,
    2,
    2,
    2,
    2,
    2,
    0,
    2,
    2,
    2,
    2,
    2,
    2,
    2,
    2,
    2,
    0,
    2,
    2,
    2,
    2,
    2,
    2,
    2,
    2,
    2,
    0,
    2,
    2,
    2,
    2,
    2,
    2,
    2,
    2,
    2,
    0,
    2,
    2,
    2,
    2,
    2,
    2,
    2,
    2,
    2,
    0,
    2,
    2,
    2,
    2,
    2,
    2,
    2
  ],
  "loss_history": [
    8.963153839111328,
    5.752099514007568,
    1.6458735466003418,
    12.679627418518066,
    5.482828140258789,
    9.50975227355957,
    6.754325866699219,
    10.286090850830078,
    9.94443130493164,
    11.064565658569336,
    9.74858570098877,
    8.94791030883789,
    0.3493227958679199,
    9.361635208129883,
    8.401232719421387,
    8.918097496032715,
    10.134055137634277,
    9.376155853271484,
    8.01458740234375,
    9.159810066223145,
    11.129561424255371,
    8.532137870788574,
    -0.7923078536987305,
    7.669580936431885,
    8.500778198242188,
    8.650028228759766,
    9.00477409362793,
    9.812152862548828,
    10.790821075439453,
    7.366008758544922,
    9.941120147705078,
    8.868732452392578,
    0.5484042167663574,
    7.835177421569824,
    9.901968955993652,
    9.88395881652832,
    7.577536582946777,
    8.12193775177002,
    8.077884674072266,
    10.695597648620605,
    9.139822959899902,
    9.01507568359375,
    0.13738203048706055,
    9.073216438293457,
    9.261929512023926,
    9.53607177734375,
    9.153383255004883,
    9.134035110473633,
    7.808510780334473,
    9.0050048828125,
    9.404125213623047,
    7.648008346557617,
    -0.009311676025390625,
    8.914502143859863,
    9.518350601196289,
    8.615029335021973,
    9.04251766204834,
    8.425366401672363,
    6.6054182052612305,
    8.145490646362305,
    9.39780044555664,
    9.09570026397705,
    -1.760413646697998,
    7.723791122436523,
    1.0078773498535156,
    11.345516204833984,
    7.030994415283203,
    7.275522232055664,
    9.266180038452148,
    7.630491733551025,
    7.864575386047363,
    8.720789909362793,
    1.290544033050537,
    8.656082153320312,
    8.384878158569336,
    8.796113967895508,
    6.625218391418457,
    8.912200927734375,
    8.349562644958496,
    8.011627197265625,
    7.048919677734375,
    9.068166732788086,
    -2.937835931777954,
    7.351992130279541,
    8.929427146911621,
    10.32347297668457,
    8.793303489685059,
    9.058433532714844,
    11.464179039001465,
    9.872023582458496,
    7.293600082397461,
    7.609642505645752,
    2.414659023284912,
    9.442699432373047,
    7.490091800689697,
    6.666595935821533,
    7.462707996368408,
    10.346864700317383,
    9.686939239501953,
    6.94200325012207,
    10.729281425476074,
    8.417912483215332,
    -0.8594527244567871,
    9.36592960357666,
    8.675731658935547,
    8.79838752746582,
    7.8576836585998535,
    10.392927169799805,
    10.008323669433594,
    8.016156196594238,
    7.310567855834961,
    8.725926399230957,
    1.6949596405029297,
    7.945713520050049,
    10.911382675170898,
    10.479425430297852,
    7.2017364501953125,
    12.145843505859375,
    11.507433891296387,
    8.422329902648926,
    8.012674331665039,
    8.903462409973145,
    -0.4708065986633301,
    7.767260551452637,
    9.213542938232422,
    10.494064331054688,
    8.826608657836914,
    7.238398551940918,
    8.331326484680176,
    9.633306503295898,
    1.674673080444336,
    9.375587463378906,
    2.371344566345215,
    13.139184951782227,
    9.008642196655273,
    7.890180587768555,
    9.523609161376953,
    9.786231994628906,
    7.206703186035156,
    8.502001762390137,
    6.780724048614502,
    8.874754905700684,
    -2.7960994243621826,
    6.07874870300293,
    10.200227737426758,
    11.132662773132324,
    7.593105316162109,
    6.152449607849121,
    10.77900218963623,
    10.56373119354248,
    9.182971954345703,
    15.284340858459473,
    -2.069565773010254,
    8.479058265686035,
    8.374072074890137,
    5.392114639282227,
    11.690410614013672,
    9.991073608398438,
    8.202437400817871,
    8.027042388916016,
    9.6032133102417,
    6.912015914916992,
    -0.15365839004516602,
    7.851133346557617,
    8.474724769592285,
    10.211692810058594,
    6.5315656661987305,
    6.9265265464782715,
    6.061877250671387,
    8.336684226989746,
    9.861361503601074,
    12.452552795410156,
    1.1133325099945068,
    8.839198112487793,
    8.010549545288086,
    7.703184127807617,
    6.094786643981934,
    11.231678009033203,
    8.055320739746094,
    7.530861854553223,
    7.123156547546387,
    5.807156085968018,
    1.9427170753479004,
    5.5684099197387695,
    8.05059814453125,
    8.970748901367188,
    9.017967224121094,
    11.953147888183594,
    7.512102127075195,
    7.096871852874756,
    10.327293395996094,
    9.337431907653809,
    -0.34744787216186523,
    7.359562873840332,
    7.34953498840332,
    10.258855819702148,
    7.837453842163086,
    8.32682991027832,
    7.781916618347168,
    7.016301155090332
  ],
  "total_reward_history": [
    18,
    18,
    18,
    18,
    18,
    18,
    16,
    18,
    18,
    18,
    18,
    18,
    18,
    16,
    18,
    18,
    18,
    18,
    18,
    18
  ],
  "total_loss_history": [
    82.08274841308594,
    82.41139268875122,
    80.66353559494019,
    81.45231866836548,
    81.26443243026733,
    76.30949687957764,
    68.01346015930176,
    75.6115927696228,
    78.9720823764801,
    75.35580396652222,
    81.40288066864014,
    86.34531927108765,
    77.9498381614685,
    78.47815895080566,
    75.35930705070496,
    82.55395603179932,
    70.75577545166016,
    80.89282584190369,
    73.04287576675415,
    75.24773263931274
  ]
}