{
  "reward_history": [],
  "loss_history": [],
  "total_reward_history": [
    72,
    76,
    76,
    76,
    74,
    76,
    74,
    76,
    76,
    76
  ],
  "total_loss_history": [
    1396.4857177734375,
    711.7694091796875,
    718.0462646484375,
    491.3831481933594,
    953.016357421875,
    603.1082763671875,
    413.9167175292969,
    438.4700012207031,
    149.6686248779297,
    231.99139404296875
  ]
}